カテゴリ,画面名,機能名,説明,優先度,実装状況,備考,リリース予定,予算区分
認証・オンボーディング,スプラッシュ画面,アプリ起動,FURDIロゴ表示・初期化処理,Phase 1,未実装,β版:2025年1月中旬,2025年3月上旬,Phase1予算内
認証・オンボーディング,ログイン画面,新Pix OAuth認証,新Pixシステムとの連携認証,Phase 1,未実装,β版:2025年1月中旬,2025年3月上旬,Phase1予算内
認証・オンボーディング,ログイン画面,メール・パスワード認証,会員認証機能,Phase 1,未実装,β版:2025年1月中旬,2025年3月上旬,Phase1予算内
認証・オンボーディング,ログイン画面,ソーシャルログイン,Google/Apple認証,Phase 2,未実装,将来対応,2025年3月上旬,Phase2予算内
認証・オンボーディング,初回チュートリアル,使い方ガイド,3-5ページのカルーセル表示,Phase 1,未実装,,2025年3月上旬,Phase1予算内
メイン機能,ホーム画面,時間帯別挨拶,パーソナライズされた挨拶表示,Phase 1,未実装,,2025年3月上旬,Phase1予算内
メイン機能,ホーム画面,今日のチャレンジ,デイリータスク表示・達成管理,Phase 1,未実装,低いエンゲージメント入口,2025年3月上旬,Phase1予算内
メイン機能,ホーム画面,来店サマリ,連続来店日数・週間目標進捗,Phase 1,未実装,,2025年3月上旬,Phase1予算内
メイン機能,ホーム画面,混雑状況クイックビュー,リアルタイム混雑度表示,Phase 1,未実装,5分ごと自動更新,2025年3月上旬,Phase1予算内
メイン機能,ホーム画面,健康データサマリ,体重・体脂肪・歩数のタブ表示,Phase 1,未実装,,2025年3月上旬,Phase1予算内
メイン機能,ホーム画面,クイックアクション,頻繁に使う機能へのショートカット,Phase 1,未実装,2x3アイコングリッド,2025年3月上旬,Phase1予算内
メイン機能,ホーム画面,週次サマリー,今週の成果・先週比較,Phase 1,未実装,折りたたみ可能,2025年3月上旬,Phase1予算内
メイン機能,レポート画面,運動記録タブ,トレーニング履歴・グラフ表示,Phase 1,未実装,,2025年3月上旬,Phase1予算内
メイン機能,レポート画面,体組成タブ,体重・体脂肪率推移グラフ,Phase 1,未実装,TANITA連携,2025年3月上旬,Phase1予算内
メイン機能,レポート画面,来館履歴タブ,カレンダービュー・履歴リスト,Phase 1,未実装,新Pix連携,2025年3月上旬,Phase1予算内
メイン機能,レポート画面,連携サービス状態表示,各サービスの接続状況,Phase 1,未実装,同期ボタン付き,2025年3月上旬,Phase1予算内
メイン機能,レポート画面,CSVエクスポート,データのエクスポート機能,Phase 2,未実装,将来対応,2025年3月上旬,Phase2予算内
メイン機能,入館証画面,QRコード表示,入退館用QRコード生成,Phase 1,未実装,30秒ごと自動更新,2025年3月上旬,Phase1予算内
メイン機能,入館証画面,会員情報表示,会員ID・氏名・有効期限,Phase 1,未実装,,2025年3月上旬,Phase1予算内
メイン機能,入館証画面,店舗選択,利用店舗の選択・変更,Phase 1,未実装,,2025年3月上旬,Phase1予算内
メイン機能,入館証画面,オフライン対応,QRコードのキャッシュ保存,Phase 1,未実装,タイマー表示付き,2025年3月上旬,Phase1予算内
メイン機能,リワード画面,今日のチャレンジ,日次タスク・低ハードル,Phase 1,未実装,3-5個のタスク,2025年3月上旬,Phase1予算内
メイン機能,リワード画面,週間・月間チャレンジ,中長期目標・習慣化支援,Phase 1,未実装,,2025年3月上旬,Phase1予算内
メイン機能,リワード画面,バッジタブ,バッジコレクション表示,Phase 1,未実装,3×4グリッド表示,2025年3月上旬,Phase1予算内
メイン機能,リワード画面,バッジカテゴリ分類,来館・運動・体組成・特別,Phase 1,未実装,タブ切替,2025年3月上旬,Phase1予算内
メイン機能,リワード画面,実績,長期成長可視化・ランクシステム,Phase 2,未実装,5段階ランク,2025年3月上旬,Phase2予算内
メイン機能,リワード画面,バッジ獲得アニメーション,紙吹雪エフェクト・サウンド,Phase 1,未実装,,2025年3月上旬,Phase1予算内
メイン機能,メニュー画面,プロフィール管理,ユーザー情報表示・編集,Phase 1,未実装,,2025年3月上旬,Phase1予算内
メイン機能,メニュー画面,利用ガイド,初心者向けガイド・使い方,Phase 1,未実装,,2025年3月上旬,Phase1予算内
メイン機能,メニュー画面,連携サービス管理,外部サービス連携設定,Phase 1,未実装,,2025年3月上旬,Phase1予算内
メイン機能,メニュー画面,壁紙・テーマ設定,アプリ背景カスタマイズ,Phase 1,未実装,プリセット5種,2025年3月上旬,Phase1予算内
メイン機能,メニュー画面,通知設定,プッシュ通知の制御,Phase 1,未実装,,2025年3月上旬,Phase1予算内
メイン機能,メニュー画面,ログアウト,アカウントからログアウト,Phase 1,未実装,,2025年3月上旬,Phase1予算内
サブ機能,連携サービス管理画面,新Pix連携設定,OAuth認証・連携状態表示,Phase 1,未実装,,2025年3月上旬,Phase1予算内
サブ機能,連携サービス管理画面,Q.Pix連携設定,旧システム連携（店舗限定）,Phase 1,未実装,利用不可店舗あり,2025年3月上旬,Phase1予算内
サブ機能,連携サービス管理画面,タニタ体組成計連携,OAuth認証・再連携機能,Phase 1,未実装,,2025年3月上旬,Phase1予算内
サブ機能,連携サービス管理画面,DNA検査サービス連携,遺伝子検査データ連携,Phase 2,未実装,Phase2で対応,2025年3月上旬,Phase2予算内
サブ機能,連携サービス管理画面,自動同期設定,アプリ起動時の自動同期,Phase 1,未実装,,2025年3月上旬,Phase1予算内
サブ機能,連携サービス管理画面,Wi-Fi接続時のみ同期,モバイルデータ節約,Phase 1,未実装,,2025年3月上旬,Phase1予算内
サブ機能,壁紙選択画面,プリセット壁紙選択,5種類のプリセット,Phase 1,未実装,FURDI Pink/White/Gray/Blue/Purple,2025年3月上旬,Phase1予算内
サブ機能,壁紙選択画面,プレビュー表示,選択前のプレビュー確認,Phase 1,未実装,,2025年3月上旬,Phase1予算内
サブ機能,壁紙選択画面,適用ボタン,壁紙の即座反映,Phase 1,未実装,,2025年3月上旬,Phase1予算内
サブ機能,混雑状況確認画面,店舗選択,複数店舗の切り替え,Phase 1,未実装,,2025年3月上旬,Phase1予算内
サブ機能,混雑状況確認画面,リアルタイム混雑度,現在の利用率表示,Phase 1,未実装,色・アイコンで視覚化,2025年3月上旬,Phase1予算内
サブ機能,混雑状況確認画面,1日の混雑予測,時間帯別グラフ表示,Phase 1,未実装,,2025年3月上旬,Phase1予算内
サブ機能,混雑状況確認画面,曜日別傾向,過去データからの傾向分析,Phase 1,未実装,,2025年3月上旬,Phase1予算内
サブ機能,混雑状況確認画面,空き通知,混雑解消時のプッシュ通知,Phase 2,未実装,将来対応,2025年3月上旬,Phase2予算内
サブ機能,動画トレーニング画面,カテゴリ別表示,初心者・有酸素・筋トレ等,Phase 1,未実装,,2025年3月上旬,Phase1予算内
サブ機能,動画トレーニング画面,動画再生,YouTube埋め込みプレーヤー,Phase 1,未実装,,2025年3月上旬,Phase1予算内
サブ機能,動画トレーニング画面,視聴履歴管理,完了マーク・履歴記録,Phase 1,未実装,,2025年3月上旬,Phase1予算内
サブ機能,動画トレーニング画面,運動記録自動反映,完了後の記録モーダル,Phase 1,未実装,,2025年3月上旬,Phase1予算内
サブ機能,動画トレーニング画面,お気に入り登録,動画のブックマーク機能,Phase 2,未実装,,2025年3月上旬,Phase2予算内
サブ機能,運動記録入力画面,手動記録追加,日付・種目・時間等の入力,Phase 1,未実装,,2025年3月上旬,Phase1予算内
サブ機能,運動記録入力画面,運動種目選択,プルダウンまたは自由入力,Phase 1,未実装,,2025年3月上旬,Phase1予算内
サブ機能,運動記録入力画面,強度設定,低・中・高の3段階,Phase 1,未実装,,2025年3月上旬,Phase1予算内
サブ機能,運動記録入力画面,消費カロリー計算,自動計算または手動入力,Phase 1,未実装,,2025年3月上旬,Phase1予算内
サブ機能,お知らせ一覧画面,カテゴリ別表示,重要・キャンペーン・メンテナンス等,Phase 1,未実装,,2025年3月上旬,Phase1予算内
サブ機能,お知らせ一覧画面,未読・既読管理,既読状態の管理,Phase 1,未実装,,2025年3月上旬,Phase1予算内
サブ機能,お知らせ一覧画面,検索機能,キーワード検索,Phase 1,未実装,,2025年3月上旬,Phase1予算内
サブ機能,お知らせ詳細画面,詳細表示,HTML/Markdown対応本文,Phase 1,未実装,,2025年3月上旬,Phase1予算内
サブ機能,お知らせ詳細画面,画像・リンク埋め込み,リッチコンテンツ表示,Phase 1,未実装,,2025年3月上旬,Phase1予算内
サブ機能,お知らせ詳細画面,シェア機能,SNS共有,Phase 2,未実装,将来対応,2025年3月上旬,Phase2予算内
サブ機能,FAQ・コラム画面,FAQ検索,カテゴリ・キーワード検索,Phase 1,未実装,,2025年3月上旬,Phase1予算内
サブ機能,FAQ・コラム画面,アコーディオン表示,Q&A形式の表示,Phase 1,未実装,,2025年3月上旬,Phase1予算内
サブ機能,FAQ・コラム画面,コラム記事,健康・ダイエット情報,Phase 1,未実装,,2025年3月上旬,Phase1予算内
サブ機能,DNA検査結果画面,総合評価タブ,レーダーチャート・体質スコア,Phase 2,未実装,Phase2対応,2025年3月上旬,Phase2予算内
サブ機能,DNA検査結果画面,筋肉タイプタブ,ACTN3・ACE遺伝子分析,Phase 2,未実装,Phase2対応,2025年3月上旬,Phase2予算内
サブ機能,DNA検査結果画面,代謝タブ,基礎代謝・栄養素代謝分析,Phase 2,未実装,Phase2対応,2025年3月上旬,Phase2予算内
サブ機能,DNA検査結果画面,怪我リスクタブ,関節・腱リスク評価,Phase 2,未実装,Phase2対応,2025年3月上旬,Phase2予算内
サブ機能,DNA検査結果画面,詳細データタブ,全21項目リスト・PDF出力,Phase 2,未実装,Phase2対応,2025年3月上旬,Phase2予算内
サブ機能,DNA検査結果画面,AIアドバイス,DNA結果に基づく個別提案,Phase 2,未実装,LINE上で対応,2025年3月上旬,Phase2予算内
サブ機能,DNA検査結果画面,外部サービス連携,GeneQuest/MYCODE/ジーンライフ,Phase 2,未実装,API連携必要,2025年3月上旬,Phase2予算内
サブ機能,通知設定画面,通知ON/OFF,プッシュ通知の許可設定,Phase 1,未実装,,2025年3月上旬,Phase1予算内
サブ機能,通知設定画面,カテゴリ別設定,お知らせ・チャレンジ等の個別設定,Phase 1,未実装,,2025年3月上旬,Phase1予算内
サブ機能,通知設定画面,通知時間帯設定,開始・終了時刻の設定,Phase 1,未実装,,2025年3月上旬,Phase1予算内
サブ機能,通知設定画面,プレビュー送信,テスト通知の送信,Phase 1,未実装,,2025年3月上旬,Phase1予算内
サブ機能,設定画面,ホーム画面カスタマイズ,表示項目の選択,Phase 1,未実装,,2025年3月上旬,Phase1予算内
サブ機能,設定画面,目標設定,来店回数・体重等の目標値,Phase 1,未実装,,2025年3月上旬,Phase1予算内
サブ機能,設定画面,単位設定,kg/lb・cm/inch等,Phase 1,未実装,,2025年3月上旬,Phase1予算内
サブ機能,設定画面,テーマ設定,ライト/ダークモード,Phase 3,未実装,将来対応,2025年9月以降,Phase3
サブ機能,設定画面,データ連携管理,新Pix・TANITA連携状況,Phase 1,未実装,,2025年3月上旬,Phase1予算内
サブ機能,設定画面,ヘルスケア連携,Apple Health/Google Fit,Phase 2,未実装,将来対応,2025年3月上旬,Phase2予算内
外部連携,新Pix連携,AIマシンデータ取得,トレーニング記録の自動取得,Phase 1,未実装,OAuth 2.0認証,2025年3月上旬,Phase1予算内
外部連携,Q.Pix連携,旧マシンデータ取得,トレーニング記録の取得,Phase 1,未実装,店舗限定,2025年3月上旬,Phase1予算内
外部連携,TANITA連携,体組成データ取得,測定値の自動取得,Phase 1,未実装,OAuth 2.0認証,2025年3月上旬,Phase1予算内
外部連携,YouTube連携,動画コンテンツ配信,FURDI公式チャンネル,Phase 1,未実装,,2025年3月上旬,Phase1予算内
外部連携,DNA検査サービス連携,遺伝子データ取得,OAuth 2.0認証,Phase 2,未実装,Phase2対応,2025年3月上旬,Phase2予算内
外部連携,Apple Health連携,ヘルスデータ同期,歩数・消費カロリー等,Phase 3,未実装,将来対応,2025年9月以降,Phase3
外部連携,Google Fit連携,フィットネスデータ同期,Android向けデータ連携,Phase 3,未実装,将来対応,2025年9月以降,Phase3
バックエンド機能,ポイントシステム,ポイント付与（内部のみ）,行動・達成に応じたポイント付与,Phase 1,未実装,UI表示なし,2025年3月上旬,Phase1予算内
バックエンド機能,ポイントシステム,ポイント履歴管理,付与・利用履歴の記録,Phase 1,未実装,UI表示なし,2025年3月上旬,Phase1予算内
バックエンド機能,バッジシステム,バッジ定義管理,サーバー側バッジ管理,Phase 1,未実装,CDN配信,2025年3月上旬,Phase1予算内
バックエンド機能,バッジシステム,バッジ付与ロジック,条件達成時の自動付与,Phase 1,未実装,,2025年3月上旬,Phase1予算内
バックエンド機能,イベント管理,イベント定義,期間限定イベントの設定,Phase 1,未実装,,2025年3月上旬,Phase1予算内
バックエンド機能,イベント管理,イベント通知,プッシュ通知配信,Phase 1,未実装,,2025年3月上旬,Phase1予算内
バックエンド機能,プッシュ通知,通知配信,FCM/APNs経由の配信,Phase 1,未実装,,2025年3月上旬,Phase1予算内
バックエンド機能,プッシュ通知,配信履歴管理,送信ログ・開封率追跡,Phase 1,未実装,,2025年3月上旬,Phase1予算内
将来構想,コミュニティ機能,ユーザー間交流,SNS的機能,Phase 3,未実装,,2025年9月以降,Phase3
将来構想,ウェアラブル連携,デバイス連携,スマートウォッチ等,Phase 3,未実装,,2025年9月以降,Phase3
将来構想,データエクスポート,全データ出力,CSV/PDF形式,Phase 2,未実装,,2025年3月上旬,Phase2予算内
将来構想,ゲーミフィケーション強化,ランキング機能,店舗内・全国ランキング,Phase 2,未実装,,2025年3月上旬,Phase2予算内
将来構想,ゲーミフィケーション強化,チーム対戦,グループチャレンジ,Phase 3,未実装,,2025年9月以降,Phase3
